{
    "counter": {
        "ACTIVE": 19804,
        "INACTIVE": 1196,
        "INVALID": 0,
        "MALICIOUS": 0,
        "SANE": 0,
        "VALID": 0,
        "total": 21000
    },
    "percentage": {
        "ACTIVE": 94.3047619047619,
        "INACTIVE": 5.699309030259709,
        "INVALID": 0,
        "MALICIOUS": 0,
        "SANE": 0,
        "VALID": 0,
        "total": 100.00407093502162
    }
}