{
    "counter": {
        "ACTIVE": 19212,
        "INACTIVE": 1788,
        "INVALID": 0,
        "MALICIOUS": 0,
        "SANE": 0,
        "VALID": 0,
        "total": 21000
    },
    "percentage": {
        "ACTIVE": 91.48571428571428,
        "INACTIVE": 8.518342067651263,
        "INVALID": 0,
        "MALICIOUS": 0,
        "SANE": 0,
        "VALID": 0,
        "total": 100.00405635336554
    }
}