{
    "counter": {
        "ACTIVE": 19826,
        "INACTIVE": 1174,
        "INVALID": 0,
        "MALICIOUS": 0,
        "SANE": 0,
        "VALID": 0,
        "total": 21000
    },
    "percentage": {
        "ACTIVE": 94.41401971522454,
        "INACTIVE": 5.59047619047619,
        "INVALID": 0,
        "MALICIOUS": 0,
        "SANE": 0,
        "VALID": 0,
        "total": 100.00449590570074
    }
}