{
    "counter": {
        "ACTIVE": 19613,
        "INACTIVE": 1387,
        "INVALID": 0,
        "MALICIOUS": 0,
        "SANE": 0,
        "VALID": 0,
        "total": 21000
    },
    "percentage": {
        "ACTIVE": 93.3952380952381,
        "INACTIVE": 6.607908527870414,
        "INVALID": 0,
        "MALICIOUS": 0,
        "SANE": 0,
        "VALID": 0,
        "total": 100.0031466231085
    }
}