{
    "counter": {
        "ACTIVE": 18855,
        "INACTIVE": 2145,
        "INVALID": 0,
        "MALICIOUS": 0,
        "SANE": 0,
        "VALID": 0,
        "total": 21000
    },
    "percentage": {
        "ACTIVE": 89.78571428571429,
        "INACTIVE": 10.219151977131968,
        "INVALID": 0,
        "MALICIOUS": 0,
        "SANE": 0,
        "VALID": 0,
        "total": 100.00486626284626
    }
}