{
    "counter": {
        "ACTIVE": 19398,
        "INACTIVE": 1602,
        "INVALID": 0,
        "MALICIOUS": 0,
        "SANE": 0,
        "VALID": 0,
        "total": 21000
    },
    "percentage": {
        "ACTIVE": 92.37142857142857,
        "INACTIVE": 7.632205812291567,
        "INVALID": 0,
        "MALICIOUS": 0,
        "SANE": 0,
        "VALID": 0,
        "total": 100.00363438372014
    }
}