{
    "counter": {
        "ACTIVE": 20156,
        "INACTIVE": 844,
        "INVALID": 0,
        "MALICIOUS": 0,
        "SANE": 0,
        "VALID": 0,
        "total": 21000
    },
    "percentage": {
        "ACTIVE": 95.98095238095237,
        "INACTIVE": 4.031333588077952,
        "INVALID": 0,
        "MALICIOUS": 0,
        "SANE": 0,
        "VALID": 0,
        "total": 100.01228596903033
    }
}