{
    "counter": {
        "ACTIVE": 19091,
        "INACTIVE": 1909,
        "INVALID": 0,
        "MALICIOUS": 0,
        "SANE": 0,
        "VALID": 0,
        "total": 21000
    },
    "percentage": {
        "ACTIVE": 90.9095238095238,
        "INACTIVE": 9.094807050976655,
        "INVALID": 0,
        "MALICIOUS": 0,
        "SANE": 0,
        "VALID": 0,
        "total": 100.00433086050046
    }
}