{
    "counter": {
        "ACTIVE": 19221,
        "INACTIVE": 1779,
        "INVALID": 0,
        "MALICIOUS": 0,
        "SANE": 0,
        "VALID": 0,
        "total": 21000
    },
    "percentage": {
        "ACTIVE": 91.52857142857142,
        "INACTIVE": 8.4880003816976,
        "INVALID": 0,
        "MALICIOUS": 0,
        "SANE": 0,
        "VALID": 0,
        "total": 100.01657181026903
    }
}